{"rootnode":{"name":"dp_pad0_.obj","transformation":[1,0,0,0,0,1,0,0,0,0,1,0,0,0,0,1],"children":[{"name":"defaultobject","transformation":[1,0,0,0,0,1,0,0,0,0,1,0,0,0,0,1],"meshes":[0]}]},"flags":8,"meshes":[{"name":"","materialindex":0,"primitivetypes":4,
	"vertices":[
		1e-06,-0.01,0.060818,0.021918,-0.01,-0.049844,0.010966,-0.01,0.061356,1e-06,0.01,0.060818,0.021918,0.01,-0.049844,1e-06,0.01,-0.050921,0.021826,-0.01,0.062967,0.043625,-0.01,-0.046625,0.021826,0.01,0.062967,0.010966,0.01,0.061356,-0.021826,-0.01,0.062967,-0.021919,-0.01,-0.049844,-0.010966,-0.01,0.061357,-0.021826,0.01,0.062967,-0.021919,0.01,-0.049844,-0.043625,0.01,-0.046624,1e-06,-0.01,-0.050921,-0.010966,0.01,0.061357,-0.021826,-0.01,0.062967,-0.043625,0.01,-0.046624,-0.043625,-0.01,-0.046624,-0.021826,-0.01,0.062967,-0.010966,0.01,0.061357,-0.021826,0.01,0.062967,1e-06,-0.01,0.060818,-0.010966,0.01,0.061357,-0.010966,-0.01,0.061357,1e-06,-0.01,0.060818,0.010966,0.01,0.061356,1e-06,0.01,0.060818,0.021826,-0.01,0.062967,0.010966,0.01,0.061356,0.010966,-0.01,0.061356,0.043625,0.01,-0.046624,0.021826,-0.01,0.062967,0.043625,-0.01,-0.046625,0.021918,0.01,-0.049844,0.043625,-0.01,-0.046625,0.021918,-0.01,-0.049844,1e-06,0.01,-0.050921,0.021918,-0.01,-0.049844,1e-06,-0.01,-0.050921,-0.021919,0.01,-0.049844,1e-06,-0.01,-0.050921,-0.021919,-0.01,-0.049844,-0.043625,0.01,-0.046624,-0.021919,-0.01,-0.049844,-0.043625,-0.01,-0.046624,0.043625,0.01,-0.046624,-0.043625,-0.01,-0.046624,-0.021826,0.01,0.062967,-0.010966,-0.01,0.061357,1e-06,0.01,0.060818,0.010966,-0.01,0.061356,0.021826,0.01,0.062967,0.021826,0.01,0.062967,0.043625,0.01,-0.046624,0.021918,0.01,-0.049844,1e-06,0.01,-0.050921,-0.021919,0.01,-0.049844
	],
	"normals":[
		0,-1,0,0,-1,0,0,-1,0,0,1,-0,0,1,-0,0,1,-0,0,-1,0,0,-1,0,0,1,-0,0,1,-0,0,-1,0,0,-1,0,0,-1,0,0,1,-0,0,1,-0,0,1,-0,0,-1,0,0,1,-0,-0.9808,0,0.1951,-0.9808,0,0.1951,-0.9808,0,0.1951,0.1467,-0,0.9892,0.1467,-0,0.9892,0.1467,-0,0.9892,0.0491,0,0.9988,0.0491,0,0.9988,0.0491,0,0.9988,-0.0491,0,0.9988,-0.0491,0,0.9988,-0.0491,0,0.9988,-0.1467,-0,0.9892,-0.1467,-0,0.9892,-0.1467,-0,0.9892,0.9808,-0,0.1951,0.9808,-0,0.1951,0.9808,-0,0.1951,0.1467,0,-0.9892,0.1467,0,-0.9892,0.1467,0,-0.9892,0.0491,0,-0.9988,0.0491,0,-0.9988,0.0491,0,-0.9988,-0.0491,0,-0.9988,-0.0491,0,-0.9988,-0.0491,0,-0.9988,-0.1467,0,-0.9892,-0.1467,0,-0.9892,-0.1467,0,-0.9892,0,1,-0,0,-1,0,-0.9808,0,0.1951,0.1467,-0,0.9892,0.0491,0,0.9988,-0.0491,0,0.9988,-0.1467,-0,0.9892,0.9808,-0,0.1951,0.1467,0,-0.9892,0.0491,0,-0.9988,-0.0491,0,-0.9988,-0.1467,0,-0.9892
	],
	"faces":[
		[0,1,2],[0,11,16],[0,16,1],[0,12,11],[6,1,7],[6,2,1],[10,11,12],[10,49,11],[3,4,5],[3,14,17],[3,9,4],[3,5,14],[8,4,9],[8,48,4],[13,14,15],[13,17,14],[18,19,20],[18,50,19],[21,22,23],[21,51,22],[24,25,26],[24,52,25],[27,28,29],[27,53,28],[30,31,32],[30,54,31],[33,34,35],[33,55,34],[36,37,38],[36,56,37],[39,40,41],[39,57,40],[42,43,44],[42,58,43],[45,46,47],[45,59,46]
	]
	}],"materials":[{"properties":[{"key":"?mat.name","semantic":0,"index":0,"type":3,"value":"DefaultMaterial"},{"key":"$mat.shadingm","semantic":0,"index":0,"type":4,"value":2},{"key":"$clr.ambient","semantic":0,"index":0,"type":1,"value":[0,0,0]},{"key":"$clr.diffuse","semantic":0,"index":0,"type":1,"value":[0.6,0.6,0.6]},{"key":"$clr.specular","semantic":0,"index":0,"type":1,"value":[0,0,0]},{"key":"$clr.emissive","semantic":0,"index":0,"type":1,"value":[0,0,0]},{"key":"$mat.shininess","semantic":0,"index":0,"type":1,"value":0},{"key":"$mat.opacity","semantic":0,"index":0,"type":1,"value":1},{"key":"$mat.refracti","semantic":0,"index":0,"type":1,"value":1}]}]}
