{
	 "rootnode": {
		 "name": "dp_pad2_.obj"
		,"transformation": [
			 1
			,0
			,0
			,0
			,0
			,1
			,0
			,0
			,0
			,0
			,1
			,0
			,0
			,0
			,0
			,1
		]
		,"children": [
			{
				 "name": "defaultobject"
				,"transformation": [
					 1
					,0
					,0
					,0
					,0
					,1
					,0
					,0
					,0
					,0
					,1
					,0
					,0
					,0
					,0
					,1
				]
				,"meshes": [
					 0
				]
			}
		]
	}
	,"flags": 8
	,"meshes": [
		{
			 "name": ""
			,"materialindex": 0
			,"primitivetypes": 4
			,"vertices": [
				 0.03701
				,-0.01
				,-0.090721
				,0.042443
				,0.01
				,0.096657
				,0.042443
				,-0.01
				,0.096657
				,-0.001839
				,-0.01
				,-0.088813
				,0.03701
				,0.01
				,-0.090721
				,0.03701
				,-0.01
				,-0.090721
				,-0.056442
				,-0.01
				,-0.080713
				,-0.001839
				,0.01
				,-0.088813
				,-0.001839
				,-0.01
				,-0.088813
				,0.03701
				,0.01
				,-0.090721
				,0.016554
				,0.01
				,0.097928
				,0.042443
				,0.01
				,0.096657
				,-0.056442
				,-0.01
				,-0.080713
				,0.016554
				,-0.01
				,0.097928
				,-0.019835
				,-0.01
				,0.103326
				,-0.001839
				,0.01
				,-0.088813
				,-0.019835
				,0.01
				,0.103326
				,0.042443
				,0.01
				,0.096657
				,0.016554
				,-0.01
				,0.097928
				,0.042443
				,-0.01
				,0.096657
				,0.016554
				,0.01
				,0.097928
				,-0.019835
				,-0.01
				,0.103326
				,0.016554
				,-0.01
				,0.097928
				,-0.056442
				,-0.01
				,-0.080713
				,-0.019835
				,0.01
				,0.103326
				,-0.056442
				,0.01
				,-0.080713
				,0.03701
				,-0.01
				,-0.090721
				,0.042443
				,-0.01
				,0.096657
				,0.03701
				,0.01
				,-0.090721
				,-0.001839
				,0.01
				,-0.088813
				,-0.056442
				,0.01
				,-0.080713
				,-0.001839
				,-0.01
				,-0.088813
				,-0.056442
				,0.01
				,-0.080713
				,0.016554
				,0.01
				,0.097928
				,-0.019835
				,0.01
				,0.103326
				,-0.019835
				,-0.01
				,0.103326
			]
			,"normals": [
				 0.9996
				,0
				,-0.029
				,0.9996
				,0
				,-0.029
				,0.9996
				,0
				,-0.029
				,-0.0491
				,0
				,-0.9988
				,-0.0491
				,0
				,-0.9988
				,-0.0491
				,0
				,-0.9988
				,-0.1467
				,0
				,-0.9892
				,-0.1467
				,0
				,-0.9892
				,-0.1467
				,0
				,-0.9892
				,0
				,1
				,0
				,0
				,1
				,0
				,0
				,1
				,0
				,0
				,-1
				,0
				,0
				,-1
				,0
				,0
				,-1
				,0
				,0
				,1
				,0
				,0
				,1
				,0
				,0.0491
				,0
				,0.9988
				,0.0491
				,0
				,0.9988
				,0.0491
				,0
				,0.9988
				,0.1467
				,0
				,0.9892
				,0.1467
				,0
				,0.9892
				,0.1467
				,0
				,0.9892
				,-0.9808
				,0
				,0.1951
				,-0.9808
				,0
				,0.1951
				,-0.9808
				,0
				,0.1951
				,0
				,-1
				,0
				,0
				,-1
				,0
				,0.9996
				,0
				,-0.029
				,-0.0491
				,0
				,-0.9988
				,-0.1467
				,0
				,-0.9892
				,0
				,-1
				,0
				,0
				,1
				,0
				,0.0491
				,0
				,0.9988
				,0.1467
				,0
				,0.9892
				,-0.9808
				,0
				,0.1951
			]
			,"faces": [
				[
					 0
					,1
					,2
				]
				,[
					 0
					,28
					,1
				]
				,[
					 3
					,4
					,5
				]
				,[
					 3
					,29
					,4
				]
				,[
					 6
					,7
					,8
				]
				,[
					 6
					,30
					,7
				]
				,[
					 9
					,10
					,11
				]
				,[
					 9
					,15
					,10
				]
				,[
					 15
					,16
					,10
				]
				,[
					 15
					,32
					,16
				]
				,[
					 12
					,13
					,14
				]
				,[
					 12
					,31
					,13
				]
				,[
					 13
					,26
					,27
				]
				,[
					 13
					,31
					,26
				]
				,[
					 17
					,18
					,19
				]
				,[
					 17
					,33
					,18
				]
				,[
					 20
					,21
					,22
				]
				,[
					 20
					,34
					,21
				]
				,[
					 23
					,24
					,25
				]
				,[
					 23
					,35
					,24
				]
			]
		}
	]
	,"materials": [
		{
			 "properties": [
				{
					 "key": "?mat.name"
					,"semantic": 0
					,"index": 0
					,"type": 3
					,"value": "DefaultMaterial"
				}
				,{
					 "key": "$mat.shadingm"
					,"semantic": 0
					,"index": 0
					,"type": 4
					,"value": 2
				}
				,{
					 "key": "$clr.ambient"
					,"semantic": 0
					,"index": 0
					,"type": 1
					,"value": [
						 0
						,0
						,0
					]
				}
				,{
					 "key": "$clr.diffuse"
					,"semantic": 0
					,"index": 0
					,"type": 1
					,"value": [
						 0.6
						,0.6
						,0.6
					]
				}
				,{
					 "key": "$clr.specular"
					,"semantic": 0
					,"index": 0
					,"type": 1
					,"value": [
						 0
						,0
						,0
					]
				}
				,{
					 "key": "$clr.emissive"
					,"semantic": 0
					,"index": 0
					,"type": 1
					,"value": [
						 0
						,0
						,0
					]
				}
				,{
					 "key": "$mat.shininess"
					,"semantic": 0
					,"index": 0
					,"type": 1
					,"value": 0
				}
				,{
					 "key": "$mat.opacity"
					,"semantic": 0
					,"index": 0
					,"type": 1
					,"value": 1
				}
				,{
					 "key": "$mat.refracti"
					,"semantic": 0
					,"index": 0
					,"type": 1
					,"value": 1
				}
			]
		}
	]
}
