{
	"meshes": [
		{
			"vertices": [
				 0
				,0.008562
				,2.3002
				,0
				,0.584461
				,1.73232
				,0
				,-0.871194
				,0
				,-2e-06
				,-0.991438
				,20
				,0
				,-0.871194
				,0
				,17.3205
				,-0.991438
				,10
				,-2e-06
				,-0.991438
				,20
				,-0
				,1.51335
				,-0
				,0
				,1.51335
				,1.03191
				,0.893664
				,1.51335
				,0.515957
				,17.3205
				,0.008562
				,10
				,-2e-06
				,-0.991438
				,20
				,17.3205
				,-0.991438
				,10
				,17.3205
				,-0.991438
				,10
				,1.99203
				,0.008562
				,1.1501
				,15.9973
				,0.008562
				,9.23607
				,0
				,-0.871194
				,0
				,1.50023
				,0.584461
				,0.866159
				,-0
				,1.51335
				,-0
				,0
				,1.51335
				,1.03191
				,-2e-06
				,9.50856
				,20
				,-2e-06
				,0.008562
				,20
				,1.99203
				,0.008562
				,1.1501
				,-2e-06
				,0.008562
				,18.4721
				,15.9973
				,0.008562
				,9.23607
				,0
				,0.584461
				,1.73232
				,1.99203
				,0.008562
				,1.1501
				,1.50023
				,0.584461
				,0.866159
				,-2e-06
				,9.50856
				,18.4721
				,17.3205
				,9.50856
				,10
				,15.9973
				,9.50856
				,9.23607
				,-2e-06
				,0.008562
				,20
				,-2e-06
				,9.50856
				,18.4721
				,-2e-06
				,0.008562
				,18.4721
				,-2e-06
				,0.008562
				,18.4721
				,15.9973
				,9.50856
				,9.23607
				,15.9973
				,0.008562
				,9.23607
				,0
				,1.51335
				,1.03191
				,1.50023
				,0.584461
				,0.866159
				,0.893664
				,1.51335
				,0.515957
				,-0
				,1.51335
				,-0
				,0.893664
				,1.51335
				,0.515957
				,17.3205
				,9.50856
				,10
				,17.3205
				,0.008562
				,10
				,17.3205
				,9.50856
				,10
				,0
				,0.008562
				,2.3002
				,0
				,0.008562
				,2.3002
				,-2e-06
				,9.50856
				,20
				,-2e-06
				,9.50856
				,20
				,-2e-06
				,9.50856
				,18.4721
				,0
				,0.584461
				,1.73232
				,15.9973
				,9.50856
				,9.23607
			]
			,"normals": [
				 -1
				,0
				,-0
				,-1
				,0
				,-0
				,-1
				,0
				,-0
				,-1
				,0
				,-0
				,-0.0035
				,-1
				,-0.006
				,-0.0035
				,-1
				,-0.006
				,-0.0035
				,-1
				,-0.006
				,0
				,1
				,0
				,0
				,1
				,0
				,0
				,1
				,0
				,0.5
				,0
				,0.866
				,0.5
				,0
				,0.866
				,0.5
				,0
				,0.866
				,0.5
				,0
				,-0.866
				,0.5
				,0
				,-0.866
				,0.5
				,0
				,-0.866
				,0.5
				,0
				,-0.866
				,0.5
				,0
				,-0.866
				,-1
				,0
				,-0
				,-1
				,0
				,-0
				,0.5
				,0
				,0.866
				,0.5
				,0
				,0.866
				,0
				,1
				,0
				,0
				,1
				,0
				,0
				,1
				,0
				,0.3802
				,0.6494
				,0.6586
				,0.3802
				,0.6494
				,0.6586
				,0.3802
				,0.6494
				,0.6586
				,0
				,1
				,0
				,0
				,1
				,0
				,0
				,1
				,0
				,-1
				,0
				,-0
				,-1
				,0
				,-0
				,-1
				,0
				,-0
				,-0.5
				,0
				,-0.866
				,-0.5
				,0
				,-0.866
				,-0.5
				,0
				,-0.866
				,0.4186
				,0.5468
				,0.7251
				,0.4186
				,0.5468
				,0.7251
				,0.4186
				,0.5468
				,0.7251
				,0.5
				,0
				,-0.866
				,0.5
				,0
				,-0.866
				,0.5
				,0
				,-0.866
				,0.5
				,0
				,-0.866
				,0.5
				,0
				,0.866
				,0
				,1
				,0
				,0.3802
				,0.6494
				,0.6586
				,0
				,1
				,0
				,-1
				,0
				,-0
				,-0.5
				,0
				,-0.866
				,0.4186
				,0.5468
				,0.7251
				,0.5
				,0
				,-0.866
			]
			,"faces": [
				[
					 0
					,1
					,2
				]
				,[
					 3
					,0
					,2
				]
				,[
					 3
					,33
					,0
				]
				,[
					 18
					,1
					,19
				]
				,[
					 18
					,2
					,1
				]
				,[
					 31
					,32
					,33
				]
				,[
					 31
					,33
					,3
				]
				,[
					 31
					,48
					,32
				]
				,[
					 4
					,5
					,6
				]
				,[
					 7
					,8
					,9
				]
				,[
					 10
					,11
					,12
				]
				,[
					 10
					,20
					,21
				]
				,[
					 10
					,21
					,11
				]
				,[
					 10
					,44
					,20
				]
				,[
					 13
					,14
					,15
				]
				,[
					 43
					,13
					,15
				]
				,[
					 13
					,16
					,14
				]
				,[
					 14
					,16
					,17
				]
				,[
					 17
					,16
					,40
				]
				,[
					 17
					,40
					,41
				]
				,[
					 15
					,42
					,43
				]
				,[
					 15
					,51
					,42
				]
				,[
					 22
					,23
					,24
				]
				,[
					 22
					,45
					,23
				]
				,[
					 25
					,26
					,27
				]
				,[
					 25
					,46
					,26
				]
				,[
					 28
					,29
					,30
				]
				,[
					 28
					,47
					,29
				]
				,[
					 34
					,35
					,36
				]
				,[
					 34
					,49
					,35
				]
				,[
					 37
					,38
					,39
				]
				,[
					 37
					,50
					,38
				]
			]
		}
	]
	,"materials": [
		{
			 "properties": [
				{
					 "key": "?mat.name"
					,"semantic": 0
					,"index": 0
					,"type": 3
					,"value": "DefaultMaterial"
				}
				,{
					 "key": "$mat.shadingm"
					,"semantic": 0
					,"index": 0
					,"type": 4
					,"value": 2
				}
				,{
					 "key": "$clr.ambient"
					,"semantic": 0
					,"index": 0
					,"type": 1
					,"value": [
						 0
						,0
						,0
					]
				}
				,{
					 "key": "$clr.diffuse"
					,"semantic": 0
					,"index": 0
					,"type": 1
					,"value": [
						 0.6
						,0.6
						,0.6
					]
				}
				,{
					 "key": "$clr.specular"
					,"semantic": 0
					,"index": 0
					,"type": 1
					,"value": [
						 0
						,0
						,0
					]
				}
				,{
					 "key": "$clr.emissive"
					,"semantic": 0
					,"index": 0
					,"type": 1
					,"value": [
						 0
						,0
						,0
					]
				}
				,{
					 "key": "$mat.shininess"
					,"semantic": 0
					,"index": 0
					,"type": 1
					,"value": 0
				}
				,{
					 "key": "$mat.opacity"
					,"semantic": 0
					,"index": 0
					,"type": 1
					,"value": 1
				}
				,{
					 "key": "$mat.refracti"
					,"semantic": 0
					,"index": 0
					,"type": 1
					,"value": 1
				}
			]
		}
	]
}
